USE ntuadb;

INSERT INTO Customer (firstname, lastname, dateofbirth, number_of_indentification_document, type_of_indentification_document, issuing_authority) VALUES
                ('Konstantinos', 'Antoniou', '1998-07-06', 'AL-344513', 'ID', 'T.A. Evoias'),
                ('Zacharias', 'Anastasakis', '1998-05-03', 'AI-339213', 'ID', 'T.A. HRAKLEIOU'),
                ('Ioannis', 'Metzakis', '1998-02-17', 'AK-635524', 'ID', 'T.A. HRAKLEIOU'),
                ('Giorgos', 'Anastasiou', '1998-01-23', 'AL-632593', 'ID', 'T.A. Evoias'),
                ('Apostolis', 'Molivdas', '1998-05-25', 'AE0052412', 'Passport', 'A.E.A./D.D.-N.P.C'),
                ('Theofanis', 'Padazis', '1997-01-11', 'AP-995513', 'ID', 'T.A. Athens'),
                ('Paris', 'Dariveris', '1998-03-06', 'AI-355241', 'ID', 'T.A. Evoias'),
                ('Nikos', 'Apostolidis', '2000-04-09', 'AI-125478', 'ID', 'T.A. Thessalonikis'),
                ('Nikos', 'Arseniou', '1985-01-25', 'AP-852145', 'ID', 'T.A. Athens'),
                ('Konstantinos', 'Anastasiou', '1960-12-12', 'AL-236525', 'ID', 'T.A. Thessalonikis'),
                ('Konstantinos', 'Papadopoulos', '1950-01-25', 'AI-147825', 'ID', 'T.A. Athens'),
                ('Ioannis', 'Sotiriou', '1985-11-12', 'AL-222525', 'ID', 'T.A. Athens'),
                ('Giorgos', 'Antoniou', '1990-06-14', 'AK-996545', 'ID', 'T.A. Thessalonikis'),
                ('Nikos', 'Anastasiou', '1999-04-23', 'AL-441236', 'ID', 'T.A. Evoias'),
                ('Sakis', 'Almaliotis', '2000-09-14', 'AI-432525', 'ID', 'T.A. Thessalonikis');


INSERT INTO Customer_emails(NFC_ID, email) VALUES 
        (1, 'kostas.an2016@gmail.com'),
        (2, 'zacharias_anastasakis@gmail.com'),
        (3, 'metzakis_ioannis@gmail.com'),
        (4, 'giorgos_anastasiou@gmail.com'),
        (5, 'apostolos_molyvdas@gmail.com'),
        (6, 'fanis_padazis@gmail.com'),
        (7, 'paris_dariveris@gmail.com'),
        (8, 'nikos_apostolidis@gmail.com'),
        (9, 'nikos_arseniou@gmail.com'),
        (10, 'konstantinos_anastasiou@gmail.com'),
        (11, 'konstantinos_papadopoulos@gmail.com'),
        (12, 'ioannis_sotiriou@gmail.com'),
        (13, 'giorgos_antoniou@gmail.com'),
        (14, 'nikos_anastasiou@gmail.com'),
        (15, 'sakis_almaliotis@gmail.com');

INSERT INTO Customer_phones(NFC_ID, phone) VALUES 
        (1, '6976522415'),
        (2, '6978546990'),
        (3, '6974510090'),
        (4, '6941258840'),
        (5, '6936699512'),
        (6, '6942200589'),
        (7, '6974125836'),
        (8, '6973624582'),
        (9, '6974662556'),
        (10, '6988554025'),
        (11, '6942142535'),
        (12, '6942542535'),
        (13, '6972142935'),
        (14, '6979452535'),
        (15, '6972002535');


INSERT INTO Services(service_description) VALUES
        ('bar'),
        ('restaurant'),
        ('hair salon'),
        ('gym'),
        ('conference room'),
        ('sauna');

INSERT INTO Services_that_need_registration(service_ID) VALUES
        (4),
        (5),
        (6);

INSERT INTO Services_that_dont_need_registration(service_ID) VALUES
        (1),
        (2),
        (3);

INSERT INTO Hotel_rooms(hotel_room_ID, number_of_beds, name_of_the_room, description_of_position) VALUES
        (1, 2, 'Room-1', 'First floor east corridor'),
        (2, 4, 'Room-2', 'First floor east corridor'),
        (3, 3, 'Room-3', 'First floor east corridor'),
        (4, 1, 'Room-4', 'First floor west corridor'),
        (5, 5, 'Room-5', 'First floor west corridor'),
        (6, 1, 'Room-6', 'First floor west corridor'),
        (7, 2, 'Room-7', 'First floor south corridor'),
        (8, 2, 'Room-8', 'First floor south corridor'),
        (9, 3, 'Room-9', 'First floor south corridor'),
        (10, 4, 'Room-10', 'First floor north corridor'),
        (11, 3, 'Room-11', 'First floor north corridor'),
        (12, 5, 'Room-12', 'First floor north corridor'),
        (13, 2, 'Room-13', 'Second floor east corridor'),
        (14, 4, 'Room-14', 'Second floor east corridor'),
        (15, 3, 'Room-15', 'Second floor east corridor'),
        (16, 1, 'Room-16', 'Second floor west corridor'),
        (17, 5, 'Room-17', 'Second floor west corridor'),
        (18, 1, 'Room-18', 'Second floor west corridor'),
        (19, 2, 'Room-19', 'Second floor south corridor'),
        (20, 2, 'Room-20', 'Second floor south corridor'),
        (21, 3, 'Room-21', 'Second floor south corridor'),
        (22, 4, 'Room-22', 'Second floor north corridor'),
        (23, 3, 'Room-23', 'Second floor north corridor'),
        (24, 5, 'Room-24', 'Second floor north corridor'),
        (25, 2, 'Room-25', 'Third floor east corridor'),
        (26, 4, 'Room-26', 'Third floor east corridor'),
        (27, 3, 'Room-27', 'Third floor east corridor'),
        (28, 1, 'Room-28', 'Third floor west corridor'),
        (29, 5, 'Room-29', 'Third floor west corridor'),
        (30, 1, 'Room-30', 'Third floor west corridor'),
        (31, 2, 'Room-31', 'Third floor south corridor'),
        (32, 2, 'Room-32', 'Third floor south corridor'),
        (33, 3, 'Room-33', 'Third floor south corridor'),
        (34, 4, 'Room-34', 'Third floor north corridor'),
        (35, 3, 'Room-35', 'Third floor north corridor'),
        (36, 5, 'Room-36', 'Third floor north corridor'),
        (37, 2, 'Room-37', 'Fourth floor east corridor'),
        (38, 4, 'Room-38', 'Fourth floor east corridor'),
        (39, 3, 'Room-39', 'Fourth floor east corridor'),
        (40, 1, 'Room-40', 'Fourth floor west corridor'),
        (41, 5, 'Room-41', 'Fourth floor west corridor'),
        (42, 1, 'Room-42', 'Fourth floor west corridor'),
        (43, 2, 'Room-43', 'Fourth floor south corridor'),
        (44, 2, 'Room-44', 'Fourth floor south corridor'),
        (45, 3, 'Room-45', 'Fourth floor south corridor'),
        (46, 4, 'Room-46', 'Fourth floor north corridor'),
        (47, 3, 'Room-47', 'Fourth floor north corridor'),
        (48, 5, 'Room-48', 'Fourth floor north corridor'),
        (100, 0, 'Hair salon', 'Basement'),
        (200, 0, 'Bar', 'Basement east corridor'),
        (201, 0, 'Bar', 'Basement west corridor'),
        (202, 0, 'Bar', 'Basement south corridor'),
        (203, 0, 'Bar', 'Basement east corridor'),
        (204, 0, 'Bar', 'Basement north corridor'),
        (205, 0, 'Bar', 'Basement west corridor'),
        (300, 0, 'Restaurant', 'Basement east corridor italian restaurant'),
        (301, 0, 'Restaurant', 'Basement west corridor ethnic restaurant'),
        (302, 0, 'Restaurant', 'Basement south corridor greek restaurant'),
        (303, 0, 'Restaurant', 'Basement north corridor italian restaurant'),
        (400, 0, 'Gym', 'Basement east corridor'),
        (401, 0, 'Gym', 'Basement south corridor'),
        (402, 0, 'Gym', 'Basement west corridor'),
        (403, 0, 'Gym', 'Basement north corridor'),
        (500, 0, 'Sauna', 'Basement east corridor'),
        (501, 0, 'Sauna', 'Basement north corridor'),
        (502, 0, 'Sauna', 'Basement north corridor'),
        (503, 0, 'Sauna', 'Basement west corridor'),
        (504, 0, 'Sauna', 'Basement south corridor'),
        (600, 0, 'Conference room', 'Basement east corridor'),
        (601, 0, 'Conference room', 'Basement south corridor'),
        (602, 0, 'Conference room', 'Basement south corridor'),
        (603, 0, 'Conference room', 'Basement west corridor'),
        (604, 0, 'Conference room', 'Basement north corridor'),
        (1000, 0, 'Elevator-1', 'Elevator'),
        (1001, 0, 'Elevator-2', 'Elevator'),
        (1002, 0, 'Elevator-3', 'Elevator'),
        (1003, 0, 'Elevator-4', 'Elevator'),
        (1004, 0, 'Elevator-5', 'Elevator');

INSERT INTO Registered_to_services(NFC_ID, service_ID, datetime_of_registration) VALUES
        (1, 4, '2021-07-23 15:10:00'),
        (1, 6, '2021-07-23 15:11:20'),
        (2, 5, '2021-06-12 09:13:55'),
        (3, 4, '2021-05-01 09:10:25'),
        (5, 4, '2021-07-25 09:00:24'),
        (5, 5, '2021-07-25 10:12:30'),
        (7, 4, '2021-08-01 12:10:58'),
        (9, 6, '2021-06-22 13:41:08'),
        (10, 4, '2021-04-12 06:11:55'),
        (10, 5, '2021-04-13 08:28:15'),
        (12, 6, '2021-06-21 09:25:56'),
        (13, 5, '2021-06-17 09:56:56'),
        (15, 5, '2021-08-29 09:47:51');

INSERT INTO Provided_to(hotel_room_ID, service_ID) VALUES
        (100, 3),
        (200, 1),
        (201, 1),
        (202, 1),
        (203, 1),
        (204, 1),
        (205, 1),
        (300, 2),
        (301, 2),
        (302, 2),
        (303, 2),
        (400, 4),
        (401, 4),
        (402, 4),
        (403, 4),
        (500, 6),
        (501, 6),
        (502, 6),
        (503, 6),
        (504, 6),
        (600, 5),
        (601, 5),
        (602, 5),
        (603, 5),
        (604, 5);

INSERT INTO Have_access(NFC_ID, hotel_room_ID, starting_time_date, ending_time_date) VALUES
        (1, 1, '2021-07-23 12:10:00', '2021-07-30 12:00:00'),
        (1, 400, '2021-07-23 15:10:00', '2021-07-30 12:00:00'),
        (1, 401, '2021-07-23 15:10:00', '2021-07-30 12:00:00'),
        (1, 402, '2021-07-23 15:10:00', '2021-07-30 12:00:00'),
        (1, 403, '2021-07-23 15:10:00', '2021-07-30 12:00:00'),
        (1, 500, '2021-07-23 15:11:20', '2021-07-30 12:00:00'),
        (1, 501, '2021-07-23 15:11:20', '2021-07-30 12:00:00'),
        (1, 502, '2021-07-23 15:11:20', '2021-07-30 12:00:00'),
        (1, 503, '2021-07-23 15:11:20', '2021-07-30 12:00:00'),
        (1, 504, '2021-07-23 15:11:20', '2021-07-30 12:00:00'),
        (2, 5, '2021-06-12 09:01:00', '2021-06-14 11:00:00'),
        (2, 600, '2021-06-12 13:15:20', '2021-06-14 11:00:00'),
        (2, 601, '2021-06-12 13:15:20', '2021-06-14 11:00:00'),
        (2, 602, '2021-06-12 13:15:20', '2021-06-14 11:00:00'),
        (2, 603, '2021-06-12 13:15:20', '2021-06-14 11:00:00'),
        (2, 604, '2021-06-12 13:15:20', '2021-06-14 11:00:00'),
        (3, 20, '2021-05-01 06:05:00', '2021-05-14 12:30:00'),
        (3, 400, '2021-05-01 10:15:00', '2021-05-14 12:30:00'),
        (3, 401, '2021-05-01 10:15:00', '2021-05-14 12:30:00'),
        (3, 402, '2021-05-01 10:15:00', '2021-05-14 12:30:00'),
        (3, 403, '2021-05-01 10:15:00', '2021-05-14 12:30:00'),
        (4, 2, '2021-06-07 10:01:01', '2021-06-10 13:30:00'),
        (5, 18, '2021-07-24 08:12:43', '2021-07-28 12:00:00'),
        (5, 400, '2021-07-25 09:00:24', '2021-07-28 12:00:00'),
        (5, 401, '2021-07-25 09:00:24', '2021-07-28 12:00:00'),
        (5, 402, '2021-07-25 09:00:24', '2021-07-28 12:00:00'),
        (5, 403, '2021-07-25 09:00:24', '2021-07-28 12:00:00'),
        (5, 600, '2021-07-25 10:12:30', '2021-07-28 12:00:00'),
        (5, 601, '2021-07-25 10:12:30', '2021-07-28 12:00:00'),
        (5, 602, '2021-07-25 10:12:30', '2021-07-28 12:00:00'),
        (5, 603, '2021-07-25 10:12:30', '2021-07-28 12:00:00'),
        (5, 604, '2021-07-25 10:12:30', '2021-07-28 12:00:00'),
        (6, 12, '2021-06-30 08:11:55', '2021-07-03 11:30:00'),
        (7, 11, '2021-08-01 10:00:00', '2021-08-10 11:00:00'),
        (7, 400, '2021-08-01 10:12:58', '2021-08-10 11:00:00'),
        (7, 401, '2021-08-01 10:12:58', '2021-08-10 11:00:00'),
        (7, 402, '2021-08-01 10:12:58', '2021-08-10 11:00:00'),
        (7, 403, '2021-08-01 10:12:58', '2021-08-10 11:00:00'),
        (8, 40, '2021-07-10 11:20:01', '2021-07-13 12:10:00'),
        (9, 41, '2021-06-22 10:00:45', '2021-06-28 12:00:00'),
        (9, 500, '2021-06-22 13:41:08', '2021-06-28 12:00:00'),
        (9, 501, '2021-06-22 13:41:08', '2021-06-28 12:00:00'),
        (9, 502, '2021-06-22 13:41:08', '2021-06-28 12:00:00'),
        (9, 503, '2021-06-22 13:41:08', '2021-06-28 12:00:00'),
        (9, 504, '2021-06-22 13:41:08', '2021-06-28 12:00:00'),
        (10, 33, '2021-04-11 12:05:22', '2021-04-15 13:00:00'),
        (10, 400, '2021-04-12 06:11:55', '2021-04-15 13:00:00'),
        (10, 401, '2021-04-12 06:11:55', '2021-04-15 13:00:00'),
        (10, 402, '2021-04-12 06:11:55', '2021-04-15 13:00:00'),
        (10, 403, '2021-04-12 06:11:55', '2021-04-15 13:00:00'),
        (10, 600, '2021-04-13 08:28:15', '2021-04-15 13:00:00'),
        (10, 601, '2021-04-13 08:28:15', '2021-04-15 13:00:00'),
        (10, 602, '2021-04-13 08:28:15', '2021-04-15 13:00:00'),
        (10, 603, '2021-04-13 08:28:15', '2021-04-15 13:00:00'),
        (10, 604, '2021-04-13 08:28:15', '2021-04-15 13:00:00'),
        (11, 27, '2021-08-15 12:20:00', '2021-08-22 12:00:00'),
        (12, 8, '2021-06-20 09:12:21', '2021-06-30 11:45:00'),
        (12, 500, '2021-06-21 09:25:56', '2021-06-30 11:45:00'),
        (12, 501, '2021-06-21 09:25:56', '2021-06-30 11:45:00'),
        (12, 502, '2021-06-21 09:25:56', '2021-06-30 11:45:00'),
        (12, 503, '2021-06-21 09:25:56', '2021-06-30 11:45:00'),
        (12, 504, '2021-06-21 09:25:56', '2021-06-30 11:45:00'),
        (13, 6, '2021-06-17 09:56:56', '2021-06-21 12:00:00'),
        (13, 600, '2021-06-17 09:57:56', '2021-06-21 12:00:00'),
        (13, 601, '2021-06-17 09:57:56', '2021-06-21 12:00:00'),
        (13, 602, '2021-06-17 09:57:56', '2021-06-21 12:00:00'),
        (13, 603, '2021-06-17 09:57:56', '2021-06-21 12:00:00'),
        (13, 604, '2021-06-17 09:57:56', '2021-06-21 12:00:00'),
        (14, 22, '2021-07-07 10:01:40', '2021-07-14 10:00:00'),
        (15, 13, '2021-08-29 07:05:55', '2021-09-03 11:00:00'),
        (15, 600, '2021-08-29 09:47:51', '2021-09-03 11:00:00'),
        (15, 601, '2021-08-29 09:47:51', '2021-09-03 11:00:00'),
        (15, 602, '2021-08-29 09:47:51', '2021-09-03 11:00:00'),
        (15, 603, '2021-08-29 09:47:51', '2021-09-03 11:00:00'),
        (15, 604, '2021-08-29 09:47:51', '2021-09-03 11:00:00');


INSERT INTO Visit(NFC_ID, hotel_room_ID, date_time_of_entrance, date_time_of_exit) VALUES
        (1, 1, '2021-07-23 12:15:00', '2021-07-23 15:25:05'),
        (1, 1, '2021-07-23 20:15:00', '2021-07-25 02:25:05'),
        (1, 1, '2021-07-26 12:15:00', '2021-07-26 15:30:23'),
        (1, 1, '2021-07-27 08:20:00', '2021-07-27 21:18:05'),
        (1, 1, '2021-07-29 09:55:00', '2021-07-29 15:45:14'),
        (1, 400, '2021-07-23 16:15:00', '2021-07-23 17:25:05'),
        (1, 401, '2021-07-26 17:15:18', '2021-07-26 20:25:05'),
        (1, 503, '2021-07-27 22:14:18', '2021-07-27 23:01:05'),
        (1, 502, '2021-07-27 02:11:17', '2021-07-27 04:02:45');














